Case_ID,Sector,Scam_Type,Platform,Source_Type,Date_Year,Keyword_Flag,Monetary_Loss,Emotional_Impact,Short_Description,Source_Link
EDU_01,Education,Exam corruption scam,News,Verified news,2024,"exam leak, corruption",High,"Stress, anxiety",Allegations of paper leaks and irregularities in national-level entrance exams affecting millions of students’ futures.,https://www.aljazeera.com/news/2024/6/21/millions-of-students-at-risk-indias-elite-exams-hit-by-corruption-scam
EDU_02,Education,Institutional fraud risk,Blog,Industry analysis,2023,"data breach, fraud",Medium,Trust loss,Educational institutions identified as high-risk targets for fraud due to sensitive student data exposure.,https://hyperverge.co/blog/fraud-in-education-sector/
EDU_03,Education,System perceived as scam,Reddit,User discussion,2024,overpriced education,Medium,Frustration,Student expresses belief that higher education provides low value compared to financial and time investment.,https://www.reddit.com/r/Indian_Academia/comments/1glp8nd/higher_education_feels_like_a_scam_and_i_dont/
EDU_04,Education,Education value scam perception,Quora,Public Q&A,2023,education scam,Not mentioned,Confusion,Users question whether education systems exploit students without delivering proportional career outcomes.,https://www.quora.com/Is-the-education-system-just-a-scam
EDTECH_01,EdTech,Misleading course promises,Reddit,User discussion,2024,fake promises,Medium,Anger,Users claim many EdTech platforms exaggerate outcomes and fail to deliver promised value.,https://www.reddit.com/r/india/comments/1bzziiv/basically_all_edtech_companies_are_scams/
EDTECH_02,EdTech,High-pressure sales,LinkedIn,Professional post,2023,aggressive selling,Medium,Stress,Industry professional warns about deceptive sales and misleading claims in Indian EdTech platforms.,https://www.linkedin.com/posts/hemvad_scams-edtech-india-activity-7141404088591683586-MLwC/
EDTECH_03,EdTech,Trust manipulation,Reddit,User discussion,2024,false testimonials,Medium,Distrust,Discussion highlights manipulation of reviews and testimonials to attract students.,https://www.reddit.com/r/india/comments/1bzziiv/basically_all_edtech_companies_are_scams/
IT_01,IT Jobs,Fake company existence,Reddit,User discussion,2024,unverifiable company,Not mentioned,Anxiety,"Job seeker unable to verify company details, raising suspicion of scam recruitment.",https://www.reddit.com/r/developersIndia/comments/1fprtc0/company_seems_like_a_scam_cannot_find_anything/
IT_02,IT Jobs,Job offer scam,LinkedIn,Professional warning,2024,phishing email,Not mentioned,Alertness,Warning issued about scam emails impersonating recruiters to target digital professionals.,https://www.linkedin.com/posts/itamarblauer_new-email-scam-targeting-digital-marketers-activity-7254090605427834880-U06H/
IT_03,IT Jobs,Unpaid work risk,Reddit,User discussion,2024,unpaid task,Medium,Frustration,Developers report cases where work is taken during hiring tasks without compensation.,https://www.reddit.com/r/developersIndia/comments/1fprtc0/company_seems-like-a-scam-cannot-find-anything/
IT_04,IT Jobs,Fake HR outreach,LinkedIn,Professional post,2024,fake HR,Not mentioned,Suspicion,Posts warn about unsolicited job offers without interviews or official company domains.,https://www.linkedin.com/posts/itamarblauer_new-email-scam-targeting-digital-marketers-activity-7254090605427834880-U06H/
EDTECH_04,EdTech,Course ROI deception,Reddit,User discussion,2024,low ROI,High,Regret,Users report spending high fees on courses with minimal career benefit.,https://www.reddit.com/r/india/comments/1bzziiv/basically_all_edtech_companies_are_scams/
EDU_05,Education,Institutional trust erosion,News,Verified news,2024,system failure,High,Mental distress,Examination irregularities lead to nationwide protests and loss of faith in testing bodies.,https://www.aljazeera.com/news/2024/6/21/millions-of-students-at-risk-indias-elite-exams-hit-by-corruption-scam
EDTECH_05,EdTech,False job guarantee,LinkedIn,Professional commentary,2023,job guarantee,Medium,Disillusionment,Posts caution against EdTech platforms advertising guaranteed placements without accountability.,https://www.linkedin.com/posts/hemvad_scams-edtech-india-activity-7141404088591683586-MLwC/
IT_05,IT Jobs,Recruitment opacity,Facebook,Social media post,2024,hidden identity,Not mentioned,Confusion,Group discussion flags recruitment messages lacking company transparency or verification.,https://www.facebook.com/groups/745223752314677/posts/2860216460815385/
EDU_16,Education,Fake universities,News,Manual Research,2024,fake university invalid degree,High,Stress,UGC identified multiple institutions operating illegally as universities and declared their degrees invalid,https://www.ndtv.com/education/ugc-flags-22-fake-universities-degrees-declared-invalid-delhi-tops-list-9533910
EDU_17,Education,Entrance exam irregularities,News,Manual Research,2024,exam irregularities security lapse,High,Anxiety,Authorities tightened security for medical entrance exams after earlier irregularities raised fairness concerns,https://medicaldialogues.in/news/education/after-last-years-irregularities-centre-tightens-neet-2025-security-net-147478
EDU_18,Education,Fake certificates,News,Manual Research,2024,forged certificates,High,Career loss,Police busted a racket issuing forged educational certificates and arrested multiple individuals,https://www.thehindu.com/news/cities/Hyderabad/fake-certificate-racket-busted-5-arrested/article70314540.ece
EDTECH_11,EdTech,Placement misrepresentation,Reddit,Manual Research,2024,false placement promise,Medium,Frustration,Students reported colleges and training programs making placement promises that were not fulfilled,https://www.reddit.com/r/developersIndia/comments/1mxshqc/placement_scams_and_false_promises_in_my_college/
EDTECH_12,EdTech,High cost coaching concerns,Quora,Manual Research,2023,overpriced coaching,Medium,Regret,Users questioned whether expensive coaching programs actually provide better outcomes,https://www.quora.com/Why-are-some-coaches-more-expensive-than-others
EDTECH_13,EdTech,Online course value doubts,Quora,Manual Research,2023,low ROI online courses,Medium,Doubt,Learners questioned whether online courses justify the high fees charged,https://www.quora.com/Is-it-worth-investing-money-in-online-courses
EDTECH_14,EdTech,Refund denial,Reddit,Manual Research,2024,refund denied,Medium,Anger,A learner reported being denied a refund by an edtech platform despite dissatisfaction,https://www.reddit.com/r/LegalAdviceIndia/comments/1dt2ejl/scammed_by_an_edtech_denying_all_claims_to_refund/
EDTECH_15,EdTech,Misleading edtech marketing,LinkedIn,Manual Research,2024,misleading marketing,Medium,Disillusionment,A professional highlighted lack of genuine educational value in some edtech marketing practices,https://www.linkedin.com/posts/anshu2701_is-there-any-ed-in-edtech-unfortunately-activity-7248319289835827202-jNa-/
ITJOB_16,IT Jobs,Job hunting scam,Reddit,Manual Research,2024,job scam payment demand,Medium,Anxiety,A job seeker shared a warning after being scammed during the job hunting process,https://www.reddit.com/r/india/comments/1i4z8kh/scammed_while_job_hunting_in_india_a_warning/
ITJOB_17,IT Jobs,Fraudulent job offers,LinkedIn,Manual Research,2024,fraudulent offer,Not mentioned,Alertness,Professionals warned about fake job offers circulating on professional platforms,https://www.linkedin.com/posts/midhunjyothis_opentowork-fraud-activity-7374258043422879744-hkJX/
ITJOB_18,IT Jobs,Unpaid internship risk,Reddit,Manual Research,2024,unpaid internship,Medium,Frustration,Discussion highlighted exploitation risks linked to unpaid internships,https://www.reddit.com/r/Career/comments/1n4bjgu/why_should_i_not_take_an_unpaid_internship/
ITJOB_19,IT Jobs,Training fee scam,Quora,Manual Research,2023,training security fee,Medium,Stress,Users described being asked to pay refundable training fees after phone interviews,https://www.quora.com/Ive-got-selected-in-an-interview-by-call-and-now-theyre-asking-for-training-security-money-850rs-which-is-refundable-Is-it-real-or-fake
ITJOB_20,IT Jobs,Fake job consultancy,Reddit,Manual Research,2024,fake consultancy registration fee,Medium,Anxiety,A user narrowly avoided a scam involving a fake job consultancy demanding payment,https://www.reddit.com/r/Chennai/comments/1lf6h30/i_almost_got_scammed_by_a_fake_job_consultancy_in/
ITJOB_21,IT Jobs,Recruitment scam awareness,LinkedIn,Manual Research,2024,recruitment scam red flags,Not mentioned,Alertness,A recruiter shared warning signs to help job seekers identify recruitment fraud,https://www.linkedin.com/posts/gabriela-de-luca_jobsearch-scamawareness-recruiting-activity-7368694228413083648-kb-G/
ITJOB_22,IT Jobs,Phishing job scam,LinkedIn,Manual Research,2024,phishing fake careers page,Not mentioned,Alertness,A warning was issued about phishing scams impersonating company career pages,https://www.linkedin.com/posts/kn-sunjida_phishing-alert-fake-google-careers-activity-7359516132426305536-gsKQ/
ITJOB_23,IT Jobs,Company impersonation job scam,Reddit,Manual Research,2024,impersonation scam,Medium,Anxiety,A job seeker received a fake offer using the name of a real company,https://www.reddit.com/r/IndiaCareers/comments/1ojxuv2/got_a_fake_job_offer_from_a_real_company_name_job/
ITJOB_24,IT Jobs,Freelance payment scam,Reddit,Manual Research,2024,non payment freelance work,Medium,Anger,A user reported a freelance job offer that showed common scam indicators,https://www.reddit.com/r/Scams/comments/1bop97a/i_received_a_freelance_job_offer_that_seems_like/
ITJOB_25,IT Jobs,Employment bond exploitation,Quora,Manual Research,2023,employment bond,High,Stress,Users discussed restrictive long term employment bonds and their impact,https://www.quora.com/Some-companies-ask-the-candidates-to-sign-2-or-3-years-bond-Why-doesnt-the-government-of-India-make-this-bond-system-illegal
ITJOB_26,IT Jobs,Remote job fraud,LinkedIn,Manual Research,2024,remote job scam,Not mentioned,Alertness,Article outlined common techniques used in remote job fraud schemes,https://www.linkedin.com/top-content/recruitment-hr/navigating-remote-job-markets/how-to-identify-remote-job-fraud-schemes/
